{"cameraMode":{"drawMode":0,"name":"Shaded","section":"Shading Mode"},"sceneLighting":false,"audioPlay":false,"sceneViewState":{"showFog":true,"showMaterialUpdate":false,"showSkybox":true,"showFlares":true,"showImageEffects":true,"showParticleSystems":true},"in2DMode":false,"pivot":{"x":154.0704345703125,"y":1.504124641418457,"z":28.284282684326173},"rotation":{"x":-0.06900711357593537,"y":0.08429351449012757,"z":-0.005851613357663155,"w":-0.9940330982208252},"size":13.022601127624512,"orthographic":false}