{"cameraMode":{"drawMode":0,"name":"Shaded","section":"Shading Mode"},"sceneLighting":false,"audioPlay":false,"sceneViewState":{"showFog":false,"showMaterialUpdate":false,"showSkybox":false,"showFlares":false,"showImageEffects":false,"showParticleSystems":false},"in2DMode":false,"pivot":{"x":-4.535367488861084,"y":2.022731304168701,"z":172.31394958496095},"rotation":{"x":-0.22932450473308564,"y":0.6739786863327026,"z":-0.2333499938249588,"w":-0.6623536348342896},"size":3.9073946475982668,"orthographic":false}