{"cameraMode":{"drawMode":0,"name":"Shaded","section":"Shading Mode"},"sceneLighting":false,"audioPlay":false,"sceneViewState":{"showFog":true,"showMaterialUpdate":true,"showSkybox":true,"showFlares":true,"showImageEffects":true,"showParticleSystems":true},"in2DMode":false,"pivot":{"x":108.73162078857422,"y":7.435025691986084,"z":123.75664520263672},"rotation":{"x":-0.014685800299048424,"y":0.9804375767707825,"z":-0.1802598536014557,"w":-0.08097397536039353},"size":2.011394739151001,"orthographic":false}