{"cameraMode":{"drawMode":0,"name":"Shaded","section":"Shading Mode"},"sceneLighting":false,"audioPlay":false,"sceneViewState":{"showFog":true,"showMaterialUpdate":true,"showSkybox":false,"showFlares":true,"showImageEffects":true,"showParticleSystems":true},"in2DMode":false,"pivot":{"x":5.960464477539063e-8,"y":2.0,"z":-1.1920928955078126e-7},"rotation":{"x":0.02986285649240017,"y":0.7307837009429932,"z":-0.032035235315561298,"w":0.6812061667442322},"size":1.989974856376648,"orthographic":false}