{"cameraMode":{"drawMode":0,"name":"Shaded","section":"Shading Mode"},"sceneLighting":false,"audioPlay":false,"sceneViewState":{"showFog":true,"showMaterialUpdate":true,"showSkybox":true,"showFlares":true,"showImageEffects":true,"showParticleSystems":true},"in2DMode":false,"pivot":{"x":-3.2055723667144777,"y":-0.07292959094047547,"z":19.860286712646486},"rotation":{"x":0.15512393414974214,"y":-0.30803215503692629,"z":0.050509486347436908,"w":0.9376884698867798},"size":10.0,"orthographic":false}