{"cameraMode":{"drawMode":0,"name":"Shaded","section":"Shading Mode"},"sceneLighting":false,"audioPlay":false,"sceneViewState":{"showFog":true,"showMaterialUpdate":true,"showSkybox":true,"showFlares":true,"showImageEffects":true,"showParticleSystems":true},"in2DMode":false,"pivot":{"x":37.551063537597659,"y":120.9231185913086,"z":92.23041534423828},"rotation":{"x":-0.4088650345802307,"y":-0.5812928080558777,"z":0.416398286819458,"w":-0.5678123235702515},"size":12.52751350402832,"orthographic":false}