{"cameraMode":{"drawMode":0,"name":"Shaded","section":"Shading Mode"},"sceneLighting":false,"audioPlay":false,"sceneViewState":{"showFog":true,"showMaterialUpdate":true,"showSkybox":false,"showFlares":true,"showImageEffects":true,"showParticleSystems":true},"in2DMode":false,"pivot":{"x":29.020000457763673,"y":9.279998779296875,"z":26.540000915527345},"rotation":{"x":-0.07429887354373932,"y":-0.5591554045677185,"z":0.05058630555868149,"w":-0.8242424726486206},"size":30.310888290405275,"orthographic":false}