{"cameraMode":{"drawMode":0,"name":"Shaded","section":"Shading Mode"},"sceneLighting":false,"audioPlay":false,"sceneViewState":{"showFog":true,"showMaterialUpdate":true,"showSkybox":true,"showFlares":true,"showImageEffects":true,"showParticleSystems":true},"in2DMode":false,"pivot":{"x":4.695296287536621,"y":4.4298224449157719,"z":7.654261112213135},"rotation":{"x":0.1475750207901001,"y":-0.2178744524717331,"z":0.03324982151389122,"w":0.9645071625709534},"size":1.2347838878631592,"orthographic":false}