{"cameraMode":{"drawMode":0,"name":"Shaded","section":"Shading Mode"},"sceneLighting":false,"audioPlay":false,"sceneViewState":{"showFog":true,"showMaterialUpdate":true,"showSkybox":false,"showFlares":true,"showImageEffects":true,"showParticleSystems":true},"in2DMode":false,"pivot":{"x":-14.1951904296875,"y":8.053832054138184,"z":16.02021598815918},"rotation":{"x":-0.08636467158794403,"y":-0.829042911529541,"z":0.13313457369804383,"w":-0.5368705987930298},"size":2.3461520671844484,"orthographic":false}