{"cameraMode":{"drawMode":0,"name":"Shaded","section":"Shading Mode"},"sceneLighting":false,"audioPlay":false,"sceneViewState":{"showFog":true,"showMaterialUpdate":true,"showSkybox":false,"showFlares":true,"showImageEffects":true,"showParticleSystems":true},"in2DMode":false,"pivot":{"x":-9.573420524597168,"y":-2.865257501602173,"z":-23.189416885375978},"rotation":{"x":-0.06177463009953499,"y":-0.007638257462531328,"z":0.0014279464958235622,"w":-0.9982869625091553},"size":2.866414785385132,"orthographic":false}