{"cameraMode":{"drawMode":0,"name":"Shaded","section":"Shading Mode"},"sceneLighting":true,"audioPlay":false,"sceneViewState":{"showFog":true,"showMaterialUpdate":true,"showSkybox":true,"showFlares":true,"showImageEffects":true,"showParticleSystems":true},"in2DMode":false,"pivot":{"x":111.78996276855469,"y":-26.123821258544923,"z":113.39505767822266},"rotation":{"x":0.11970397084951401,"y":0.7278263568878174,"z":-0.1315479576587677,"w":0.6623059511184692},"size":72.29435729980469,"orthographic":false}