{"cameraMode":{"drawMode":0,"name":"Shaded","section":"Shading Mode"},"sceneLighting":false,"audioPlay":false,"sceneViewState":{"showFog":true,"showMaterialUpdate":true,"showSkybox":false,"showFlares":true,"showImageEffects":true,"showParticleSystems":true},"in2DMode":false,"pivot":{"x":4.291343688964844,"y":4.291838645935059,"z":13.278389930725098},"rotation":{"x":0.1122397631406784,"y":-0.8448242545127869,"z":0.19493672251701356,"w":0.4861081540584564},"size":0.03464125841856003,"orthographic":false}