{"cameraMode":{"drawMode":0,"name":"Shaded","section":"Shading Mode"},"sceneLighting":false,"audioPlay":false,"sceneViewState":{"showFog":true,"showMaterialUpdate":true,"showSkybox":false,"showFlares":true,"showImageEffects":true,"showParticleSystems":true},"in2DMode":false,"pivot":{"x":83.31476593017578,"y":145.26181030273438,"z":-241.8797607421875},"rotation":{"x":-0.028019340708851816,"y":-0.7135449647903442,"z":0.025483863428235055,"w":-0.7000882625579834},"size":3.764101505279541,"orthographic":false}