{"cameraMode":{"drawMode":0,"name":"Shaded","section":"Shading Mode"},"sceneLighting":true,"audioPlay":false,"sceneViewState":{"showFog":true,"showMaterialUpdate":true,"showSkybox":true,"showFlares":true,"showImageEffects":true,"showParticleSystems":true},"in2DMode":false,"pivot":{"x":242.2254638671875,"y":-6.80974006652832,"z":118.20316314697266},"rotation":{"x":-0.05661994591355324,"y":-0.6197997331619263,"z":0.04488716647028923,"w":-0.7815589904785156},"size":58.57610321044922,"orthographic":false}