{"cameraMode":{"drawMode":0,"name":"Shaded","section":"Shading Mode"},"sceneLighting":false,"audioPlay":false,"sceneViewState":{"showFog":true,"showMaterialUpdate":true,"showSkybox":true,"showFlares":true,"showImageEffects":true,"showParticleSystems":true},"in2DMode":false,"pivot":{"x":9.331260681152344,"y":4.271346092224121,"z":0.7869657278060913},"rotation":{"x":-0.039665207266807559,"y":0.35059499740600588,"z":-0.014730388298630715,"w":-0.9359601140022278},"size":0.10392305254936218,"orthographic":false}