{"cameraMode":{"drawMode":0,"name":"Shaded","section":"Shading Mode"},"sceneLighting":true,"audioPlay":false,"sceneViewState":{"showFog":true,"showMaterialUpdate":true,"showSkybox":true,"showFlares":true,"showImageEffects":true,"showParticleSystems":true},"in2DMode":false,"pivot":{"x":-57.5810661315918,"y":77.5152359008789,"z":329.1137390136719},"rotation":{"x":0.12039927393198013,"y":0.7727541327476502,"z":-0.15407979488372804,"w":0.6038356423377991},"size":19.860248565673829,"orthographic":false}