{"cameraMode":{"drawMode":0,"name":"Shaded","section":"Shading Mode"},"sceneLighting":false,"audioPlay":false,"sceneViewState":{"showFog":true,"showMaterialUpdate":true,"showSkybox":false,"showFlares":true,"showImageEffects":true,"showParticleSystems":true},"in2DMode":false,"pivot":{"x":-0.8840774297714233,"y":0.8957194685935974,"z":-0.3268111050128937},"rotation":{"x":-0.07413793355226517,"y":0.8511059880256653,"z":-0.13018858432769776,"w":-0.5038891434669495},"size":0.7380196452140808,"orthographic":false}