{"cameraMode":{"drawMode":0,"name":"Shaded","section":"Shading Mode"},"sceneLighting":false,"audioPlay":false,"sceneViewState":{"showFog":true,"showMaterialUpdate":true,"showSkybox":true,"showFlares":true,"showImageEffects":true,"showParticleSystems":true},"in2DMode":false,"pivot":{"x":21.694297790527345,"y":131.66644287109376,"z":71.68484497070313},"rotation":{"x":0.04658004641532898,"y":-0.9461794495582581,"z":0.2762402594089508,"w":0.16473111510276795},"size":2664815.75,"orthographic":false}